{"cameraMode":{"drawMode":0,"name":"Shaded","section":"Shading Mode"},"sceneLighting":true,"audioPlay":false,"sceneViewState":{"m_AlwaysRefresh":false,"showFog":true,"showSkybox":true,"showFlares":true,"showImageEffects":true,"showParticleSystems":true,"showVisualEffectGraphs":true,"m_FxEnabled":true},"in2DMode":false,"pivot":{"x":6.087187767028809,"y":56.924903869628909,"z":267.513427734375},"rotation":{"x":-0.016189035028219224,"y":-0.00474100885912776,"z":-0.00009164572838926688,"w":0.9998714923858643},"size":148.6319580078125,"orthographic":false}